comorbidity,n_cases,n_deaths,cfr
copd,1190,479,0.40252100840336136
cardiovascular,1679,571,0.34008338296605123
diabetes,12328,3994,0.3239779364049319
hypertension,15317,4605,0.3006463406672325
obesity,14558,2621,0.1800384668223657
